{"cameraMode":{"drawMode":0,"name":"Shaded","section":"Shading Mode"},"sceneLighting":true,"audioPlay":false,"sceneViewState":{"m_AlwaysRefresh":false,"showFog":true,"showSkybox":true,"showFlares":true,"showImageEffects":true,"showParticleSystems":true,"showVisualEffectGraphs":true,"m_FxEnabled":true},"in2DMode":false,"pivot":{"x":-2.7832562923431398,"y":-0.306182861328125,"z":29.068593978881837},"rotation":{"x":-0.19340795278549195,"y":0.27312538027763369,"z":-0.056297626346349719,"w":-0.9407195448875427},"size":14.94041919708252,"orthographic":false}