{"cameraMode":{"drawMode":0,"name":"Shaded","section":"Shading Mode"},"sceneLighting":true,"audioPlay":false,"sceneViewState":{"m_AlwaysRefresh":false,"showFog":true,"showSkybox":true,"showFlares":true,"showImageEffects":true,"showParticleSystems":true,"showVisualEffectGraphs":true,"m_FxEnabled":true},"in2DMode":false,"pivot":{"x":-3.2162277698516847,"y":-0.25355958938598635,"z":3.9274234771728517},"rotation":{"x":-0.012457597069442273,"y":-0.9867088198661804,"z":0.13283467292785645,"w":-0.09326308220624924},"size":10.866862297058106,"orthographic":false}