{"cameraMode":{"drawMode":0,"name":"Shaded","section":"Shading Mode"},"sceneLighting":true,"audioPlay":false,"sceneViewState":{"m_AlwaysRefresh":false,"showFog":true,"showSkybox":true,"showFlares":true,"showImageEffects":true,"showParticleSystems":true,"showVisualEffectGraphs":true,"m_FxEnabled":true},"in2DMode":false,"pivot":{"x":-11.879507064819336,"y":1.9268242120742798,"z":1.4635655879974366},"rotation":{"x":-0.0011154295643791557,"y":-0.9858894944190979,"z":0.16752098500728608,"w":-0.007140731904655695},"size":10.866862297058106,"orthographic":false}